family,tip_label,image_dir,tree_species,fishbase_query,fishbase_resolved,note
acanthuridae,Acanthurus_achilles,Acanthurus_achilles,Acanthurus_achilles,Acanthurus achilles,,
acanthuridae,Acanthurus_auranticavus,Acanthurus_auranticavus,Acanthurus_auranticavus,Acanthurus auranticavus,,
acanthuridae,Acanthurus_bahianus,Acanthurus_bahianus,Acanthurus_bahianus,Acanthurus bahianus,,
acanthuridae,Acanthurus_bariene,Acanthurus_bariene,Acanthurus_bariene,Acanthurus bariene,,
acanthuridae,Acanthurus_blochii,Acanthurus_blochii,Acanthurus_blochii,Acanthurus blochii,,
acanthuridae,Acanthurus_chirurgus,Acanthurus_chirurgus,Acanthurus_chirurgus,Acanthurus chirurgus,,
acanthuridae,Acanthurus_coeruleus,Acanthurus_coeruleus,Acanthurus_coeruleus,Acanthurus coeruleus,,
acanthuridae,Acanthurus_dussumieri,Acanthurus_dussumieri,Acanthurus_dussumieri,Acanthurus dussumieri,,
acanthuridae,Acanthurus_guttatus,Acanthurus_guttatus,Acanthurus_guttatus,Acanthurus guttatus,,
acanthuridae,Acanthurus_japonicus,Acanthurus_japonicus,Acanthurus_japonicus,Acanthurus japonicus,,
acanthuridae,Acanthurus_leucocheilus,Acanthurus_leucocheilus,Acanthurus_leucocheilus,Acanthurus leucocheilus,,
acanthuridae,Acanthurus_leucosternon,Acanthurus_leucosternon,Acanthurus_leucosternon,Acanthurus leucosternon,,
acanthuridae,Acanthurus_lineatus,Acanthurus_lineatus,Acanthurus_lineatus,Acanthurus lineatus,,
acanthuridae,Acanthurus_mata,Acanthurus_mata,Acanthurus_mata,Acanthurus mata,,
acanthuridae,Acanthurus_monroviae,Acanthurus_monroviae,Acanthurus_monroviae,Acanthurus monroviae,,
acanthuridae,Acanthurus_nigricans,Acanthurus_nigricans,Acanthurus_nigricans,Acanthurus nigricans,,
acanthuridae,Acanthurus_nigricauda,Acanthurus_nigricauda,Acanthurus_nigricauda,Acanthurus nigricauda,,
acanthuridae,Acanthurus_nigrofuscus,Acanthurus_nigrofuscus,Acanthurus_nigrofuscus,Acanthurus nigrofuscus,,
acanthuridae,Acanthurus_nigroris,Acanthurus_nigroris,Acanthurus_nigroris,Acanthurus nigroris,,
acanthuridae,Acanthurus_nubilus,Acanthurus_nubilus,Acanthurus_nubilus,Acanthurus nubilus,,
acanthuridae,Acanthurus_olivaceus,Acanthurus_olivaceus,Acanthurus_olivaceus,Acanthurus olivaceus,,
acanthuridae,Acanthurus_pyroferus,Acanthurus_pyroferus,Acanthurus_pyroferus,Acanthurus pyroferus,,
acanthuridae,Acanthurus_tennentii,Acanthurus_tennentii,Acanthurus_tennentii,Acanthurus tennentii,,
acanthuridae,Acanthurus_thompsoni,Acanthurus_thompsoni,Acanthurus_thompsoni,Acanthurus thompsoni,,
acanthuridae,Acanthurus_triostegus,Acanthurus_triostegus,Acanthurus_triostegus,Acanthurus triostegus,,
acanthuridae,Acanthurus_xanthopterus,Acanthurus_xanthopterus,Acanthurus_xanthopterus,Acanthurus xanthopterus,,
acanthuridae,Ctenochaetus_binotatus,Ctenochaetus_binotatus,Ctenochaetus_binotatus,Ctenochaetus binotatus,,
acanthuridae,Ctenochaetus_flavicauda,Ctenochaetus_flavicauda,Ctenochaetus_flavicauda,Ctenochaetus flavicauda,,
acanthuridae,Ctenochaetus_striatus,Ctenochaetus_striatus,Ctenochaetus_striatus,Ctenochaetus striatus,,
acanthuridae,Ctenochaetus_strigosus,Ctenochaetus_strigosus,Ctenochaetus_strigosus,Ctenochaetus strigosus,,
acanthuridae,Ctenochaetus_tominiensis,Ctenochaetus_tominiensis,Ctenochaetus_tominiensis,Ctenochaetus tominiensis,,
acanthuridae,Ctenochaetus_truncatus,Ctenochaetus_truncatus,Ctenochaetus_truncatus,Ctenochaetus truncatus,,
acanthuridae,Naso_annulatus,Naso_annulatus,Naso_annulatus,Naso annulatus,,
acanthuridae,Naso_brachycentron,Naso_brachycentron,Naso_brachycentron,Naso brachycentron,,
acanthuridae,Naso_brevirostris,Naso_brevirostris,Naso_brevirostris,Naso brevirostris,,
acanthuridae,Naso_caeruleacauda,Naso_caeruleacauda,Naso_caeruleacauda,Naso caeruleacauda,,
acanthuridae,Naso_caesius,Naso_caesius,Naso_caesius,Naso caesius,,
acanthuridae,Naso_elegans,Naso_elegans,Naso_elegans,Naso elegans,,
acanthuridae,Naso_fageni,Naso_fageni,Naso_fageni,Naso fageni,,
acanthuridae,Naso_hexacanthus,Naso_hexacanthus,Naso_hexacanthus,Naso hexacanthus,,
acanthuridae,Naso_lituratus,Naso_lituratus,Naso_lituratus,Naso lituratus,,
acanthuridae,Naso_lopezi,Naso_lopezi,Naso_lopezi,Naso lopezi,,
acanthuridae,Naso_maculatus,Naso_maculatus,Naso_maculatus,Naso maculatus,,
acanthuridae,Naso_mcdadei,Naso_mcdadei,Naso_mcdadei,Naso mcdadei,,
acanthuridae,Naso_minor,Naso_minor,Naso_minor,Naso minor,,
acanthuridae,Naso_reticulatus,Naso_reticulatus,Naso_reticulatus,Naso reticulatus,,
acanthuridae,Naso_thynnoides,Naso_thynnoides,Naso_thynnoides,Naso thynnoides,,
acanthuridae,Naso_tonganus,Naso_tonganus,Naso_tonganus,Naso tonganus,,
acanthuridae,Naso_tuberosus,Naso_tuberosus,Naso_tuberosus,Naso tuberosus,,
acanthuridae,Naso_unicornis,Naso_unicornis,Naso_unicornis,Naso unicornis,,
acanthuridae,Naso_vlamingii,Naso_vlamingii,Naso_vlamingii,Naso vlamingii,,
acanthuridae,Paracanthurus_hepatus,Paracanthurus_hepatus,Paracanthurus_hepatus,Paracanthurus hepatus,,
acanthuridae,Prionurus_biafranensis,Prionurus_biafraensis,Prionurus_biafraensis,Prionurus biafraensis,,CF-prefix tip aliased to named species
acanthuridae,Prionurus_laticlavius,Prionurus_laticlavius,Prionurus_laticlavius,Prionurus laticlavius,,
acanthuridae,Prionurus_maculatus,Prionurus_maculatus,Prionurus_maculatus,Prionurus maculatus,,
acanthuridae,Prionurus_microlepidotus,Prionurus_microlepidotus,Prionurus_microlepidotus,Prionurus microlepidotus,,
acanthuridae,Prionurus_punctatus,Prionurus_punctatus,Prionurus_punctatus,Prionurus punctatus,,
acanthuridae,Prionurus_scalprum,Prionurus_scalprum,Prionurus_scalprum,Prionurus scalprum,,
acanthuridae,Zebrasoma_desjardinii,Zebrasoma_desjardinii,Zebrasoma_desjardinii,Zebrasoma desjardinii,,
acanthuridae,Zebrasoma_flavescens,Zebrasoma_flavescens,Zebrasoma_flavescens,Zebrasoma flavescens,,
acanthuridae,Zebrasoma_rostratum,Zebrasoma_rostratum,Zebrasoma_rostratum,Zebrasoma rostratum,,
acanthuridae,Zebrasoma_scopas,Zebrasoma_scopas,Zebrasoma_scopas,Zebrasoma scopas,,
acanthuridae,Zebrasoma_velifer,Zebrasoma_velifer,Zebrasoma_velifer,Zebrasoma velifer,,
balistoidea,Sufflamen_albicaudatum,Sufflamen_albicaudatum,Sufflamen_albicaudatum,Sufflamen albicaudatum,,
balistoidea,Sufflamen_chrysopterum,Sufflamen_chrysopterum,Sufflamen_chrysopterum,Sufflamen chrysopterum,,
balistoidea,Sufflamen_bursa,Sufflamen_bursa,Sufflamen_bursa,Sufflamen bursa,,
balistoidea,Sufflamen_fraenatum,Sufflamen_fraenatum,Sufflamen_fraenatum,Sufflamen fraenatum,,
balistoidea,Sufflamen_verres,Sufflamen_verres,Sufflamen_verres,Sufflamen verres,,
balistoidea,Abalistes_stellatus,Abalistes_stellatus,Abalistes_stellatus,Abalistes stellatus,,
balistoidea,Abalistes_stellaris,Abalistes_stellaris,Abalistes_stellaris,Abalistes stellaris,,
balistoidea,Rhinecanthus_assasi,Rhinecanthus_assasi,Rhinecanthus_assasi,Rhinecanthus assasi,,
balistoidea,Rhinecanthus_aculeatus,Rhinecanthus_aculeatus,Rhinecanthus_aculeatus,Rhinecanthus aculeatus,,
balistoidea,Rhinecanthus_rectangulus,Rhinecanthus_rectangulus,Rhinecanthus_rectangulus,Rhinecanthus rectangulus,,
balistoidea,Rhinecanthus_lunula,Rhinecanthus_lunula,Rhinecanthus_lunula,Rhinecanthus lunula,,
balistoidea,Rhinecanthus_verrucosus,Rhinecanthus_verrucosus,Rhinecanthus_verrucosus,Rhinecanthus verrucosus,,
balistoidea,Balistes_capriscus,Balistes_capriscus,Balistes_capriscus,Balistes capriscus,,
balistoidea,Balistes_polylepis,Balistes_polylepis,Balistes_polylepis,Balistes polylepis,,
balistoidea,Balistes_vetula,Balistes_vetula,Balistes_vetula,Balistes vetula,,
balistoidea,Pseudobalistes_fuscus,Pseudobalistes_fuscus,Pseudobalistes_fuscus,Pseudobalistes fuscus,,
balistoidea,Pseudobalistes_naufragium,Pseudobalistes_naufragium,Pseudobalistes_naufragium,Pseudobalistes naufragium,,
balistoidea,Balistes_punctatus,Balistes_punctatus,Balistes_punctatus,Balistes punctatus,,
balistoidea,Canthidermis_maculata,Canthidermis_maculata,Canthidermis_maculata,Canthidermis maculata,,
balistoidea,Canthidermis_sufflamen,Canthidermis_sufflamen,Canthidermis_sufflamen,Canthidermis sufflamen,,
balistoidea,Xanthichthys_lineopunctatus,Xanthichthys_lineopunctatus,Xanthichthys_lineopunctatus,Xanthichthys lineopunctatus,,
balistoidea,Xanthichthys_mento,Xanthichthys_mento,Xanthichthys_mento,Xanthichthys mento,,
balistoidea,Xanthichthys_auromarginatus,Xanthichthys_auromarginatus,Xanthichthys_auromarginatus,Xanthichthys auromarginatus,,
balistoidea,Xanthichthys_ringens,Xanthichthys_ringens,Xanthichthys_ringens,Xanthichthys ringens,,
balistoidea,Balistoides_viridescens,Balistoides_viridescens,Balistoides_viridescens,Balistoides viridescens,,
balistoidea,Pseudobalistes_flavimarginatus,Pseudobalistes_flavimarginatus,Pseudobalistes_flavimarginatus,Pseudobalistes flavimarginatus,,
balistoidea,Melichthys_vidua,Melichthys_vidua,Melichthys_vidua,Melichthys vidua,,
balistoidea,Melichthys_indicus,Melichthys_indicus,Melichthys_indicus,Melichthys indicus,,
balistoidea,Melichthys_niger,Melichthys_niger,Melichthys_niger,Melichthys niger,,
balistoidea,Balistoides_conspicillum,Balistoides_conspicillum,Balistoides_conspicillum,Balistoides conspicillum,,
balistoidea,Odonus_niger,Odonus_niger,Odonus_niger,Odonus niger,,
balistoidea,Balistapus_undulatus,Balistapus_undulatus,Balistapus_undulatus,Balistapus undulatus,,
balistoidea,Meuschenia_trachylepis,Meuschenia_trachylepis,Meuschenia_trachylepis,Meuschenia trachylepis,,
balistoidea,Meuschenia_australis,Meuschenia_australis,Meuschenia_australis,Meuschenia australis,,
balistoidea,Meuschenia_freycineti,Meuschenia_freycineti,Meuschenia_freycineti,Meuschenia freycineti,,
balistoidea,Meuschenia_scaber,Meuschenia_scaber,Meuschenia_scaber,Meuschenia scaber,,
balistoidea,Meuschenia_hippocrepis,Meuschenia_hippocrepis,Meuschenia_hippocrepis,Meuschenia hippocrepis,,
balistoidea,Nelusetta_ayraud,Nelusetta_ayraud,Nelusetta_ayraud,Nelusetta ayraud,,
balistoidea,Acanthaluteres_vittiger,Acanthaluteres_vittiger,Acanthaluteres_vittiger,Acanthaluteres vittiger,,
balistoidea,Acanthaluteres_spilomelanurus,Acanthaluteres_spilomelanurus,Acanthaluteres_spilomelanurus,Acanthaluteres spilomelanurus,,
balistoidea,Scobinichthys_granulatus,Scobinichthys_granulatus,Scobinichthys_granulatus,Scobinichthys granulatus,,
balistoidea,Thamnaconus_tessellatus,Thamnaconus_tessellatus,Thamnaconus_tessellatus,Thamnaconus tessellatus,,
balistoidea,Thamnaconus_septentrionalis,Thamnaconus_septentrionalis,Thamnaconus_septentrionalis,Thamnaconus septentrionalis,,
balistoidea,Thamnaconus_arenaceus,Thamnaconus_arenaceus,Thamnaconus_arenaceus,Thamnaconus arenaceus,,
balistoidea,Thamnaconus_fajardoi,Thamnaconus_fajardoi,Thamnaconus_fajardoi,Thamnaconus fajardoi,,
balistoidea,Thamnaconus_modestus,Thamnaconus_modestus,Thamnaconus_modestus,Thamnaconus modestus,,
balistoidea,Eubalichthys_mosaicus,Eubalichthys_mosaicus,Eubalichthys_mosaicus,Eubalichthys mosaicus,,
balistoidea,Eubalichthys_bucephalus,Eubalichthys_bucephalus,Eubalichthys_bucephalus,Eubalichthys bucephalus,,
balistoidea,Cantherhines_pardalis,Cantherhines_pardalis,Cantherhines_pardalis,Cantherhines pardalis,,
balistoidea,Cantherhines_pullus,Cantherhines_pullus,Cantherhines_pullus,Cantherhines pullus,,
balistoidea,Cantherhines_sandwichiensis,Cantherhines_sandwichiensis,Cantherhines_sandwichiensis,Cantherhines sandwichiensis,,
balistoidea,Cantherhines_verecundus,Cantherhines_verecundus,Cantherhines_verecundus,Cantherhines verecundus,,
balistoidea,Cantherhines_dumerilii,Cantherhines_dumerilii,Cantherhines_dumerilii,Cantherhines dumerilii,,
balistoidea,Cantherhines_macrocerus,Cantherhines_macrocerus,Cantherhines_macrocerus,Cantherhines macrocerus,,
balistoidea,Amanses_scopas,Amanses_scopas,Amanses_scopas,Amanses scopas,,
balistoidea,Pseudomonacanthus_macrurus,Pseudomonacanthus_macrurus,Pseudomonacanthus_macrurus,Pseudomonacanthus macrurus,,
balistoidea,Pseudomonacanthus_peroni,Pseudomonacanthus_peroni,Pseudomonacanthus_peroni,Pseudomonacanthus peroni,,
balistoidea,Aluterus_schoepfii,Aluterus_schoepfii,Aluterus_schoepfii,Aluterus schoepfii,,
balistoidea,Aluterus_heudelotii,Aluterus_heudelotii,Aluterus_heudelotii,Aluterus heudelotii,,
balistoidea,Aluterus_scriptus,Aluterus_scriptus,Aluterus_scriptus,Aluterus scriptus,,
balistoidea,Aluterus_monoceros,Aluterus_monoceros,Aluterus_monoceros,Aluterus monoceros,,
balistoidea,Stephanolepis_cirrhifer,Stephanolepis_cirrhifer,Stephanolepis_cirrhifer,Stephanolepis cirrhifer,,
balistoidea,Stephanolepis_auratus,Stephanolepis_auratus,Stephanolepis_auratus,Stephanolepis auratus,,
balistoidea,Stephanolepis_hispidus,Stephanolepis_hispidus,Stephanolepis_hispidus,Stephanolepis hispidus,,
balistoidea,Paramonacanthus_pusillus,Paramonacanthus_pusillus,Paramonacanthus_pusillus,Paramonacanthus pusillus,,
balistoidea,Stephanolepis_setifer,Stephanolepis_setifer,Stephanolepis_setifer,Stephanolepis setifer,,
balistoidea,Pervagor_janthinosoma,Pervagor_janthinosoma,Pervagor_janthinosoma,Pervagor janthinosoma,,
balistoidea,Pervagor_melanocephalus,Pervagor_melanocephalus,Pervagor_melanocephalus,Pervagor melanocephalus,,
balistoidea,Pervagor_nigrolineatus,Pervagor_nigrolineatus,Pervagor_nigrolineatus,Pervagor nigrolineatus,,
balistoidea,Paramonacanthus_sulcatus,Paramonacanthus_sulcatus,Paramonacanthus_sulcatus,Paramonacanthus sulcatus,,
balistoidea,Paramonacanthus_choirocephalus,Paramonacanthus_choirocephalus,Paramonacanthus_choirocephalus,Paramonacanthus choirocephalus,,
balistoidea,Paramonacanthus_oblongus,Paramonacanthus_oblongus,Paramonacanthus_oblongus,Paramonacanthus oblongus,,
balistoidea,Monacanthus_chinensis,Monacanthus_chinensis,Monacanthus_chinensis,Monacanthus chinensis,,
balistoidea,Paramonacanthus_filicauda,Paramonacanthus_filicauda,Paramonacanthus_filicauda,Paramonacanthus filicauda,,
balistoidea,Acreichthys_tomentosus,Acreichthys_tomentosus,Acreichthys_tomentosus,Acreichthys tomentosus,,
balistoidea,Chaetodermis_penicilligerus,Chaetodermis_penicilligerus,Chaetodermis_penicilligerus,Chaetodermis penicilligerus,,
balistoidea,Paraluteres_prionurus,Paraluteres_prionurus,Paraluteres_prionurus,Paraluteres prionurus,,
balistoidea,Rudarius_ercodes,Rudarius_ercodes,Rudarius_ercodes,Rudarius ercodes,,
balistoidea,Brachaluteres_jacksonianus,Brachaluteres_jacksonianus,Brachaluteres_jacksonianus,Brachaluteres jacksonianus,,
balistoidea,Pseudalutarius_nasicornis,Pseudalutarius_nasicornis,Pseudalutarius_nasicornis,Pseudalutarius nasicornis,,
balistoidea,Oxymonacanthus_longirostris,Oxymonacanthus_longirostris,Oxymonacanthus_longirostris,Oxymonacanthus longirostris,,
balistoidea,Monacanthus_tuckeri,Monacanthus_tuckeri,Monacanthus_tuckeri,Monacanthus tuckeri,,
balistoidea,Monacanthus_ciliatus,Monacanthus_ciliatus,Monacanthus_ciliatus,Monacanthus ciliatus,,
cirrhilabrini,Cirrhilabrus_CFcyanopleuraglowF581KC2,Cirrhilabrus_cyanopleura,Cirrhilabrus_cyanopleura,Cirrhilabrus cyanopleura,,CF-prefix tip aliased to named species
cirrhilabrini,Cirrhilabrus_aurantidorsalisF586KC6,Cirrhilabrus_aurantidorsalis,Cirrhilabrus_aurantidorsalis,Cirrhilabrus aurantidorsalis,,
cirrhilabrini,Cirrhilabrus_randalliF264,Cirrhilabrus_randalli,Cirrhilabrus_randalli,Cirrhilabrus randalli,,
cirrhilabrini,Cirrhilabrus_punctatusF18,Cirrhilabrus_punctatus,Cirrhilabrus_punctatus,Cirrhilabrus punctatus,,
cirrhilabrini,Cirrhilabrus_cyanopleuraQF180,Cirrhilabrus_cyanopleura,Cirrhilabrus_cyanopleura,Cirrhilabrus cyanopleura,,
cirrhilabrini,Cirrhilabrus_ryukyuensisF589KC9,Cirrhilabrus_ryukyuensis,Cirrhilabrus_ryukyuensis,Cirrhilabrus ryukyuensis,,
cirrhilabrini,Cirrhilabrus_solorensisF572KC11,Cirrhilabrus_solorensis,Cirrhilabrus_solorensis,Cirrhilabrus solorensis,,
cirrhilabrini,Cirrhilabrus_luteovittatusF630KC22,Cirrhilabrus_luteovittatus,Cirrhilabrus_luteovittatus,Cirrhilabrus luteovittatus,,
cirrhilabrini,Cirrhilabrus_temminckiF608KB11b,Cirrhilabrus_temminckii,Cirrhilabrus_temminckii,Cirrhilabrus temminckii,,CF-prefix tip aliased to named species
cirrhilabrini,Cirrhilabrus_CFsolorensisredheadF620KB20,Cirrhilabrus_solorensis,Cirrhilabrus_solorensis,Cirrhilabrus solorensis,,CF-prefix tip aliased to named species
cirrhilabrini,Cirrhilabrus_beauperryiF617KB18,Cirrhilabrus_beauperryi,Cirrhilabrus_beauperryi,Cirrhilabrus beauperryi,,
cirrhilabrini,Cirrhilabrus_cyanogularisF605KB1,Cirrhilabrus_cyanogularis,Cirrhilabrus_cyanogularis,Cirrhilabrus cyanogularis,,
cirrhilabrini,Cirrhilabrus_rubripinnisF598KC21b,Cirrhilabrus_rubripinnis,Cirrhilabrus_rubripinnis,Cirrhilabrus rubripinnis,,
cirrhilabrini,Cirrhilabrus_greeniF615KB17a,Cirrhilabrus_greeni,Cirrhilabrus_greeni,Cirrhilabrus greeni,,
cirrhilabrini,Cirrhilabrus_filamentosusF9,Cirrhilabrus_filamentosus,Cirrhilabrus_filamentosus,Cirrhilabrus filamentosus,,
cirrhilabrini,Cirrhilabrus_hygroxerusF631KC23,Cirrhilabrus_hygroxerus,Cirrhilabrus_hygroxerus,Cirrhilabrus hygroxerus,,
cirrhilabrini,Cirrhilabrus_joanallenaeCFF181,Cirrhilabrus_joanallenae,Cirrhilabrus_joanallenae,Cirrhilabrus joanallenae,,
cirrhilabrini,Cirrhilabrus_rubeusF574KC13,Cirrhilabrus_rubeus,Cirrhilabrus_rubeus,Cirrhilabrus rubeus,,
cirrhilabrini,Cirrhilabrus_rubriventralisJF20,Cirrhilabrus_rubriventralis,Cirrhilabrus_rubriventralis,Cirrhilabrus rubriventralis,,
cirrhilabrini,Cirrhilabrus_joanallenaeF10,Cirrhilabrus_joanallenae,Cirrhilabrus_joanallenae,Cirrhilabrus joanallenae,,
cirrhilabrini,Cirrhilabrus_naokoaeF596KC20,Cirrhilabrus_naokoae,Cirrhilabrus_naokoae,Cirrhilabrus naokoae,,
cirrhilabrini,Cirrhilabrus_rubripinnisF424,Cirrhilabrus_rubripinnis,Cirrhilabrus_rubripinnis,Cirrhilabrus rubripinnis,,
cirrhilabrini,Cirrhilabrus_balteatusF5,Cirrhilabrus_balteatus,Cirrhilabrus_balteatus,Cirrhilabrus balteatus,,
cirrhilabrini,Cirrhilabrus_temminckiiF426,Cirrhilabrus_temminckii,Cirrhilabrus_temminckii,Cirrhilabrus temminckii,,
cirrhilabrini,Cirrhilabrus_punctatusCFF179,Cirrhilabrus_punctatus,Cirrhilabrus_punctatus,Cirrhilabrus punctatus,,
cirrhilabrini,Cirrhilabrus_blatteusF419,Cirrhilabrus_blatteus,Cirrhilabrus_blatteus,Cirrhilabrus blatteus,,
cirrhilabrini,Cirrhilabrus_rubrisquamisF634KCg5,Cirrhilabrus_rubrisquamis,Cirrhilabrus_rubrisquamis,Cirrhilabrus rubrisquamis,,
cirrhilabrini,Cirrhilabrus_sanguineusF633KCg4,Cirrhilabrus_sanguineus,Cirrhilabrus_sanguineus,Cirrhilabrus sanguineus,,
cirrhilabrini,Cirrhilabrus_roseafasciaF580KC16b,Cirrhilabrus_roseafascia,Cirrhilabrus_roseafascia,Cirrhilabrus roseafascia,,
cirrhilabrini,Cirrhilabrus_shutmaniF627KB8,Cirrhilabrus_shutmani,Cirrhilabrus_shutmani,Cirrhilabrus shutmani,,
cirrhilabrini,Conniella_apterygiaF601Z15114,Conniella_apterygia,Conniella_apterygia,Conniella apterygia,,
cirrhilabrini,Cirrhilabrus_jordaniF11,Cirrhilabrus_jordani,Cirrhilabrus_jordani,Cirrhilabrus jordani,,
cirrhilabrini,Cirrhilabrus_claireF632KCg3,Cirrhilabrus_claire,Cirrhilabrus_claire,Cirrhilabrus claire,,
cirrhilabrini,Cirrhilabrus_lineatusF618KB19,Cirrhilabrus_lineatus,Cirrhilabrus_lineatus,Cirrhilabrus lineatus,,
cirrhilabrini,Cirrhilabrus_rhomboidalisF578KC15,Cirrhilabrus_rhomboidalis,Cirrhilabrus_rhomboidalis,Cirrhilabrus rhomboidalis,,
cirrhilabrini,Cirrhilabrus_rubrimarginatusF571KC10,Cirrhilabrus_rubrimarginatus,Cirrhilabrus_rubrimarginatus,Cirrhilabrus rubrimarginatus,,
cirrhilabrini,Cirrhilabrus_pyleiF19,Cirrhilabrus_pylei,Cirrhilabrus_pylei,Cirrhilabrus pylei,,
cirrhilabrini,Cirrhilabrus_katoiF625KB6,Cirrhilabrus_katoi,Cirrhilabrus_katoi,Cirrhilabrus katoi,,
cirrhilabrini,Cirrhilabrus_roseafasciaF422,Cirrhilabrus_roseafascia,Cirrhilabrus_roseafascia,Cirrhilabrus roseafascia,,
cirrhilabrini,Cirrhilabrus_exquisitusF593KC18,Cirrhilabrus_exquisitus,Cirrhilabrus_exquisitus,Cirrhilabrus exquisitus,,
cirrhilabrini,Cirrhilabrus_melanomarginatusF588KC8,Cirrhilabrus_melanomarginatus,Cirrhilabrus_melanomarginatus,Cirrhilabrus melanomarginatus,,
cirrhilabrini,Cirrhilabrus_scottorumF628KB9,Cirrhilabrus_scottorum,Cirrhilabrus_scottorum,Cirrhilabrus scottorum,,
cirrhilabrini,Cirrhilabrus_labouteiF146,Cirrhilabrus_laboutei,Cirrhilabrus_laboutei,Cirrhilabrus laboutei,,
cirrhilabrini,Cirrhilabrus_bathyphilusTF263,Cirrhilabrus_bathyphilus,Cirrhilabrus_bathyphilus,Cirrhilabrus bathyphilus,,
cirrhilabrini,Cirrhilabrus_nahackyiF622KB23a,Cirrhilabrus_nahackyi,Cirrhilabrus_nahackyi,Cirrhilabrus nahackyi,,
cirrhilabrini,Cirrhilabrus_brunneusF606KB10a,Cirrhilabrus_brunneus,Cirrhilabrus_brunneus,Cirrhilabrus brunneus,,
cirrhilabrini,Cirrhilabrus_squireiF612KB15,Cirrhilabrus_squirei,Cirrhilabrus_squirei,Cirrhilabrus squirei,,
cirrhilabrini,Cirrhilabrus_isoscelesF594KC19a,Cirrhilabrus_isosceles,Cirrhilabrus_isosceles,Cirrhilabrus isosceles,,
cirrhilabrini,Cirrhilabrus_lunatusF624KB5,Cirrhilabrus_lunatus,Cirrhilabrus_lunatus,Cirrhilabrus lunatus,,
cirrhilabrini,Cirrhilabrus_brunneusF607KB10b,Cirrhilabrus_brunneus,Cirrhilabrus_brunneus,Cirrhilabrus brunneus,,
cirrhilabrini,Cirrhilabrus_cenderawasihF393,Cirrhilabrus_cenderawasih,Cirrhilabrus_cenderawasih,Cirrhilabrus cenderawasih,,
cirrhilabrini,Cirrhilabrus_lubbockiF573KC12,Cirrhilabrus_lubbocki,Cirrhilabrus_lubbocki,Cirrhilabrus lubbocki,,
cirrhilabrini,Cirrhilabrus_cyanopleuraF614KB16b,Cirrhilabrus_cyanopleura,Cirrhilabrus_cyanopleura,Cirrhilabrus cyanopleura,,
cirrhilabrini,Paracheilinus_attenuatusF591KP2,Paracheilinus_attenuatus,Paracheilinus_attenuatus,Paracheilinus attenuatus,,
cirrhilabrini,Paracheilinus_hemitaeniatusF590KP1,Paracheilinus_hemitaeniatus,Paracheilinus_hemitaeniatus,Paracheilinus hemitaeniatus,,
cirrhilabrini,Paracheilinus_carpenteriF420,Paracheilinus_carpenteri,Paracheilinus_carpenteri,Paracheilinus carpenteri,,
cirrhilabrini,Paracheilinus_lineopunctatusF190,Paracheilinus_lineopunctatus,Paracheilinus_lineopunctatus,Paracheilinus lineopunctatus,,
cirrhilabrini,Paracheilinus_mccoskeriF25,Paracheilinus_mccoskeri,Paracheilinus_mccoskeri,Paracheilinus mccoskeri,,
halichoerine,Anampses_caeruleopunctatusF228,Anampses_caeruleopunctatus,Anampses_caeruleopunctatus,Anampses caeruleopunctatus,,
halichoerine,Anampses_lennardiF176,Anampses_lennardi,Anampses_lennardi,Anampses lennardi,,
halichoerine,Anampses_femininusF175,Anampses_femininus,Anampses_femininus,Anampses femininus,,
halichoerine,Anampses_cuvierF174,Anampses_cuvier,Anampses_cuvier,Anampses cuvier,,
halichoerine,Anampses_chrysocephalusF256,Anampses_chrysocephalus,Anampses_chrysocephalus,Anampses chrysocephalus,,
halichoerine,Anampses_melanurusF177,Anampses_melanurus,Anampses_melanurus,Anampses melanurus,,
halichoerine,Anampses_lineatusF225,Anampses_lineatus,Anampses_lineatus,Anampses lineatus,,
halichoerine,Anampses_meleagridesF230,Anampses_meleagrides,Anampses_meleagrides,Anampses meleagrides,,
halichoerine,Anampses_neoguinaicusF231,Anampses_neoguinaicus,Anampses_neoguinaicus,Anampses neoguinaicus,,
halichoerine,Anampses_twistiiF268,Anampses_twistii,Anampses_twistii,Anampses twistii,,
halichoerine,Anampses_geographicusF229,Anampses_geographicus,Anampses_geographicus,Anampses geographicus,,
halichoerine,Pseudojuloides_atavaiF93,Pseudojuloides_atavai,Pseudojuloides_atavai,Pseudojuloides atavai,,
halichoerine,Pseudojuloides_cerasinusF94,Pseudojuloides_cerasinus,Pseudojuloides_cerasinus,Pseudojuloides cerasinus,,
halichoerine,Pseudojuloides_severnsiF315,Pseudojuloides_severnsi,Pseudojuloides_severnsi,Pseudojuloides severnsi,,
halichoerine,Halichoeres_hartzfeldiiF64,Halichoeres_hartzfeldii,Halichoeres_hartzfeldii,Halichoeres hartzfeldii,,
halichoerine,Halichoeres_pelicieriF77,Halichoeres_pelicieri,Halichoeres_pelicieri,Halichoeres pelicieri,,
halichoerine,Halichoeres_zeylonicusCFF56,Halichoeres_zeylonicus,Halichoeres_zeylonicus,Halichoeres zeylonicus,,
halichoerine,Leptojulis_cyanopleuraF84,Leptojulis_cyanopleura,Leptojulis_cyanopleura,Leptojulis cyanopleura,,
halichoerine,Coris_aurilineataF253,Coris_aurilineata,Coris_aurilineata,Coris aurilineata,,
halichoerine,Halichoeres_melanochirF71,Halichoeres_melanochir,Halichoeres_melanochir,Halichoeres melanochir,,
halichoerine,Halichoeres_prosopeionF149,Halichoeres_prosopeion,Halichoeres_prosopeion,Halichoeres prosopeion,,
halichoerine,Coris_pictoidesF236,Coris_pictoides,Coris_pictoides,Coris pictoides,,
halichoerine,Halichoeres_solorensisF334,Halichoeres_solorensis,Halichoeres_solorensis,Halichoeres solorensis,,
halichoerine,Halichoeres_argusF54,Halichoeres_argus,Halichoeres_argus,Halichoeres argus,,
halichoerine,Halichoeres_papillionaceousF148,Halichoeres_papilionaceus,Halichoeres_papilionaceus,Halichoeres papilionaceus,,CF-prefix tip aliased to named species
halichoerine,Halichoeres_marginatusF171,Halichoeres_marginatus,Halichoeres_marginatus,Halichoeres marginatus,,
halichoerine,Halichoeres_chrysotaeniaF333,Halichoeres_chrysotaenia,Halichoeres_chrysotaenia,Halichoeres chrysotaenia,,
halichoerine,Halichoeres_melanurusF270,Halichoeres_melanurus,Halichoeres_melanurus,Halichoeres melanurus,,
halichoerine,Halichoeres_chlorocephalusF444M2608,Halichoeres_chlorocephalus,Halichoeres_chlorocephalus,Halichoeres chlorocephalus,,
halichoerine,Halichoeres_rubricephalusF447M2602,Halichoeres_rubricephalus,Halichoeres_rubricephalus,Halichoeres rubricephalus,,
halichoerine,Halichoeres_richmondiF239,Halichoeres_richmondi,Halichoeres_richmondi,Halichoeres richmondi,,
halichoerine,Halichoeres_bicolorF187,Halichoeres_bicolor,Halichoeres_bicolor,Halichoeres bicolor,,
halichoerine,Halichoeres_dussumeriF62,Halichoeres_dussumieri,Halichoeres_dussumieri,Halichoeres dussumieri,,CF-prefix tip aliased to named species
halichoerine,Halichoeres_nigrescensF75,Halichoeres_nigrescens,Halichoeres_nigrescens,Halichoeres nigrescens,,
halichoerine,Halichoeres_javanicusF237,Halichoeres_dussumieri,Halichoeres_dussumieri,Halichoeres dussumieri,,CF-prefix tip aliased to named species
halichoerine,Halichoeres_leucurusF312,Halichoeres_leucurus,Halichoeres_leucurus,Halichoeres leucurus,,
halichoerine,Halichoeres_purpurescensF314,Halichoeres_purpurescens,Halichoeres_purpurescens,Halichoeres purpurescens,,
halichoerine,Halichoeres_brownfieldiF160,Halichoeres_brownfieldi,Halichoeres_brownfieldi,Halichoeres brownfieldi,,
halichoerine,Coris_batuensisF246,Coris_batuensis,Coris_batuensis,Coris batuensis,,
halichoerine,Coris_variegataF430,Coris_variegata,Coris_variegata,Coris variegata,,
halichoerine,Halichoeres_chloropterusF311,Halichoeres_chloropterus,Halichoeres_chloropterus,Halichoeres chloropterus,,
halichoerine,Halichoeres_podostigmaF313,Halichoeres_podostigma,Halichoeres_podostigma,Halichoeres podostigma,,
halichoerine,Halichoeres_margaritaceusF70,Halichoeres_margaritaceus,Halichoeres_margaritaceus,Halichoeres margaritaceus,,
halichoerine,Halichoeres_nebulosusF73,Halichoeres_nebulosus,Halichoeres_nebulosus,Halichoeres nebulosus,,
halichoerine,Halichoeres_miniatusF275,Halichoeres_miniatus,Halichoeres_miniatus,Halichoeres miniatus,,
halichoerine,Halichoeres_chrysusF58,Halichoeres_chrysus,Halichoeres_chrysus,Halichoeres chrysus,,
halichoerine,Halichoeres_iridisF66,Halichoeres_iridis,Halichoeres_iridis,Halichoeres iridis,,
halichoerine,Halichoeres_leucoxanthusF68,Halichoeres_leucoxanthus,Halichoeres_leucoxanthus,Halichoeres leucoxanthus,,
halichoerine,Halichoeres_cosmetusF59,Halichoeres_cosmetus,Halichoeres_cosmetus,Halichoeres cosmetus,,
halichoerine,Halichoeres_ornatissimusF162,Halichoeres_ornatissimus,Halichoeres_ornatissimus,Halichoeres ornatissimus,,
halichoerine,Halichoeres_melasmapomusF238,Halichoeres_melasmapomus,Halichoeres_melasmapomus,Halichoeres melasmapomus,,
halichoerine,Halichoeres_lapillusF67,Halichoeres_lapillus,Halichoeres_lapillus,Halichoeres lapillus,,
halichoerine,Macropharyngodon_bipartitusF85,Macropharyngodon_bipartitus,Macropharyngodon_bipartitus,Macropharyngodon bipartitus,,
halichoerine,Macropharyngodon_marisrubriF431,Macropharyngodon_marisrubri,Macropharyngodon_marisrubri,Macropharyngodon marisrubri,,
halichoerine,Macropharyngodon_choatiF242,Macropharyngodon_choati,Macropharyngodon_choati,Macropharyngodon choati,,
halichoerine,Macropharyngodon_cyanoguttatusF247,Macropharyngodon_cyanoguttatus,Macropharyngodon_cyanoguttatus,Macropharyngodon cyanoguttatus,,
halichoerine,Macropharyngodon_ornatusF90,Macropharyngodon_ornatus,Macropharyngodon_ornatus,Macropharyngodon ornatus,,
halichoerine,Macropharyngodon_geoffroyF86,Macropharyngodon_geoffroy,Macropharyngodon_geoffroy,Macropharyngodon geoffroy,,
halichoerine,Macropharyngodon_meleagrisF88,Macropharyngodon_meleagris,Macropharyngodon_meleagris,Macropharyngodon meleagris,,
halichoerine,Macropharyngodon_negrosensisF89,Macropharyngodon_negrosensis,Macropharyngodon_negrosensis,Macropharyngodon negrosensis,,
halichoerine,Macropharyngodon_kuiteriF87,Macropharyngodon_kuiteri,Macropharyngodon_kuiteri,Macropharyngodon kuiteri,,
halichoerine,Halichoeres_hortulanusF65,Halichoeres_hortulanus,Halichoeres_hortulanus,Halichoeres hortulanus,,
halichoerine,Halichoeres_scapularisF80,Halichoeres_scapularis,Halichoeres_scapularis,Halichoeres scapularis,,
halichoerine,Halichoeres_trimaculatusF241,Halichoeres_trimaculatus,Halichoeres_trimaculatus,Halichoeres trimaculatus,,
halichoerine,Thalassoma_duperreyF254,Thalassoma_duperrey,Thalassoma_duperrey,Thalassoma duperrey,,
halichoerine,Thalassoma_rueppelliiF403,Thalassoma_rueppellii,Thalassoma_rueppellii,Thalassoma rueppellii,,
halichoerine,Thalassoma_genivittatumF222,Thalassoma_genivittatum,Thalassoma_genivittatum,Thalassoma genivittatum,,
halichoerine,Thalassoma_hebraicumF405,Thalassoma_hebraicum,Thalassoma_hebraicum,Thalassoma hebraicum,,
halichoerine,Thalassoma_janseniiF106,Thalassoma_jansenii,Thalassoma_jansenii,Thalassoma jansenii,,
halichoerine,Thalassoma_hardwickeF103,Thalassoma_hardwicke,Thalassoma_hardwicke,Thalassoma hardwicke,,
halichoerine,Thalassoma_quinquevittatumF110,Thalassoma_quinquevittatum,Thalassoma_quinquevittatum,Thalassoma quinquevittatum,,
halichoerine,Thalassoma_amblycephalumF101,Thalassoma_amblycephalum,Thalassoma_amblycephalum,Thalassoma amblycephalum,,
halichoerine,Thalassoma_lucasanumF107,Thalassoma_lucasanum,Thalassoma_lucasanum,Thalassoma lucasanum,,
halichoerine,Thalassoma_lunareF108,Thalassoma_lunare,Thalassoma_lunare,Thalassoma lunare,,
halichoerine,Thalassoma_cupidoF407,Thalassoma_cupido,Thalassoma_cupido,Thalassoma cupido,,
halichoerine,Thalassoma_trilobatumF111,Thalassoma_trilobatum,Thalassoma_trilobatum,Thalassoma trilobatum,,
halichoerine,Thalassoma_purpureumF341,Thalassoma_purpureum,Thalassoma_purpureum,Thalassoma purpureum,,
halichoerine,Thalassoma_newtoniF404,Thalassoma_newtoni,Thalassoma_newtoni,Thalassoma newtoni,,
halichoerine,Thalassoma_bifasciatumF102,Thalassoma_bifasciatum,Thalassoma_bifasciatum,Thalassoma bifasciatum,,
halichoerine,Thalassoma_ballieui,Thalassoma_ballieui,Thalassoma_ballieui,Thalassoma ballieui,,
halichoerine,Hemigymnus_fasciatusF223,Hemigymnus_fasciatus,Hemigymnus_fasciatus,Hemigymnus fasciatus,,
halichoerine,Hemigymnus_melapterusF163,Hemigymnus_melapterus,Hemigymnus_melapterus,Hemigymnus melapterus,,
halichoerine,Stethojulis_albovittataF95,Stethojulis_albovittata,Stethojulis_albovittata,Stethojulis albovittata,,
halichoerine,Stethojulis_bandanensisF97,Stethojulis_bandanensis,Stethojulis_bandanensis,Stethojulis bandanensis,,
halichoerine,Stethojulis_balteataF96,Stethojulis_balteata,Stethojulis_balteata,Stethojulis balteata,,
halichoerine,Stethojulis_trilineataF243,Stethojulis_trilineata,Stethojulis_trilineata,Stethojulis trilineata,,
halichoerine,Stethojulis_interruptaF98,Stethojulis_interrupta,Stethojulis_interrupta,Stethojulis interrupta,,
halichoerine,Stethojulis_strigiventerF100,Stethojulis_strigiventer,Stethojulis_strigiventer,Stethojulis strigiventer,,
halichoerine,Halichoeres_adustusF382,Halichoeres_adustus,Halichoeres_adustus,Halichoeres adustus,,
halichoerine,Halichoeres_notospilusF76,Halichoeres_notospilus,Halichoeres_notospilus,Halichoeres notospilus,,
halichoerine,Halichoeres_aestuaricolaF383,Halichoeres_aestuaricola,Halichoeres_aestuaricola,Halichoeres aestuaricola,,
halichoerine,Halichoeres_chierchiaeF57,Halichoeres_chierchiae,Halichoeres_chierchiae,Halichoeres chierchiae,,
halichoerine,Halichoeres_discolorF387,Halichoeres_discolor,Halichoeres_discolor,Halichoeres discolor,,
halichoerine,Halichoeres_bivittatumF194,Halichoeres_bivittatus,Halichoeres_bivittatus,Halichoeres bivittatus,,CF-prefix tip aliased to named species
halichoerine,Halichoeres_garnotiF63,Halichoeres_garnoti,Halichoeres_garnoti,Halichoeres garnoti,,
halichoerine,Halichoeres_brasiliensisF384,Halichoeres_brasiliensis,Halichoeres_brasiliensis,Halichoeres brasiliensis,,
halichoerine,Halichoeres_radiatusF79,Halichoeres_radiatus,Halichoeres_radiatus,Halichoeres radiatus,,
halichoerine,Halichoeres_nicholsiF74,Halichoeres_nicholsi,Halichoeres_nicholsi,Halichoeres nicholsi,,
halichoerine,Halichoeres_poeyiF154,Halichoeres_poeyi,Halichoeres_poeyi,Halichoeres poeyi,,
halichoerine,Halichoeres_cyanocephalusF60,Halichoeres_cyanocephalus,Halichoeres_cyanocephalus,Halichoeres cyanocephalus,,
halichoerine,Halichoeres_dimidiatusF386,Halichoeres_dimidiatus,Halichoeres_dimidiatus,Halichoeres dimidiatus,,
halichoerine,Halichoeres_rubrovirensF432,Halichoeres_rubrovirens,Halichoeres_rubrovirens,Halichoeres rubrovirens,,
halichoerine,Halichoeres_bathyphilusF399,Halichoeres_bathyphilus,Halichoeres_bathyphilus,Halichoeres bathyphilus,,
halichoerine,Halichoeres_dispilusF61,Halichoeres_dispilus,Halichoeres_dispilus,Halichoeres dispilus,,
halichoerine,Halichoeres_caudalisF400,Halichoeres_caudalis,Halichoeres_caudalis,Halichoeres caudalis,,
halichoerine,Halichoeres_burekaeF385,Halichoeres_burekae,Halichoeres_burekae,Halichoeres burekae,,
halichoerine,Halichoeres_socialisF197,Halichoeres_socialis,Halichoeres_socialis,Halichoeres socialis,,
halichoerine,Halichoeres_pictusF78,Halichoeres_pictus,Halichoeres_pictus,Halichoeres pictus,,
halichoerine,Halichoeres_semicinctusF240,Halichoeres_semicinctus,Halichoeres_semicinctus,Halichoeres semicinctus,,
halichoerine,Halichoeres_maculipinnaF69,Halichoeres_maculipinna,Halichoeres_maculipinna,Halichoeres maculipinna,,
halichoerine,Halichoeres_penroseiF551M2615,Halichoeres_penrosei,Halichoeres_penrosei,Halichoeres penrosei,,
halichoerine,Halichoeres_malpeloF558UVTP1431,Halichoeres_malpelo,Halichoeres_malpelo,Halichoeres malpelo,,
halichoerine,Halichoeres_melanotisF72,Halichoeres_melanotis,Halichoeres_melanotis,Halichoeres melanotis,,
halichoerine,Halichoeres_salmofasciatusF388,Halichoeres_salmofasciatus,Halichoeres_salmofasciatus,Halichoeres salmofasciatus,,
halichoerine,Ophthalmolepis_lineolataF91,Ophthalmolepis_lineolata,Ophthalmolepis_lineolata,Ophthalmolepis lineolata,,
halichoerine,Coris_atlantica_F232,Coris_atlantica,Coris_atlantica,Coris atlantica,,
halichoerine,Coris_julisF235,Coris_julis,Coris_julis,Coris julis,,
halichoerine,Hologymnosus_annulatusF220,Hologymnosus_annulatus,Hologymnosus_annulatus,Hologymnosus annulatus,,
halichoerine,Hologymnosus_doliatusF83,Hologymnosus_doliatus,Hologymnosus_doliatus,Hologymnosus doliatus,,
halichoerine,Hologymnosus_longipesF395,Hologymnosus_longipes,Hologymnosus_longipes,Hologymnosus longipes,,
halichoerine,Coris_aygulaF269,Coris_aygula,Coris_aygula,Coris aygula,,
halichoerine,Coris_bulbifronsF274,Coris_bulbifrons,Coris_bulbifrons,Coris bulbifrons,,
halichoerine,Coris_flavovittataF184,Coris_flavovittata,Coris_flavovittata,Coris flavovittata,,
halichoerine,Coris_pictaF245,Coris_picta,Coris_picta,Coris picta,,
halichoerine,Coris_sandeyeriF51,Coris_sandeyeri,Coris_sandeyeri,Coris sandeyeri,,
halichoerine,Coris_caudimaculaF310,Coris_caudimacula,Coris_caudimacula,Coris caudimacula,,
halichoerine,Coris_venustaF147,Coris_venusta,Coris_venusta,Coris venusta,,
halichoerine,Coris_roseoviridisF340,Coris_roseoviridis,Coris_roseoviridis,Coris roseoviridis,,
halichoerine,Coris_hewettiF185,Coris_hewetti,Coris_hewetti,Coris hewetti,,
halichoerine,Coris_cuvieriF332,Coris_cuvieri,Coris_cuvieri,Coris cuvieri,,
halichoerine,Coris_marquesensisF186,Coris_marquesensis,Coris_marquesensis,Coris marquesensis,,
halichoerine,Coris_gaimard_F234,Coris_gaimard,Coris_gaimard,Coris gaimard,,
halichoerine,Coris_formosaF233,Coris_formosa,Coris_formosa,Coris formosa,,
halichoerine,Pseudocoris_heteropteraF198,Pseudocoris_heteroptera,Pseudocoris_heteroptera,Pseudocoris heteroptera,,
halichoerine,Pseudocoris_yamashiroiF92,Pseudocoris_yamashiroi,Pseudocoris_yamashiroi,Pseudocoris yamashiroi,,
halichoerine,Suezichthys_arquatusF218,Suezichthys_arquatus,Suezichthys_arquatus,Suezichthys arquatus,,
halichoerine,Suezichthys_aylingiF356,Suezichthys_aylingi,Suezichthys_aylingi,Suezichthys aylingi,,
halichoerine,Suezichthys_devisiF210,Suezichthys_devisi,Suezichthys_devisi,Suezichthys devisi,,
hypsigenyinae,Achoerodus_viridisF992.0,Achoerodus_viridis,Achoerodus_viridis,Achoerodus viridis,,
hypsigenyinae,Bodianus_anthoidesF336,Bodianus_anthioides,Bodianus_anthioides,Bodianus anthioides,,CF-prefix tip aliased to named species
hypsigenyinae,Bodianus_leucosticticusF412,Bodianus_leucosticticus,Bodianus_leucosticticus,Bodianus leucosticticus,,
hypsigenyinae,Bodianus_axillarisF316,Bodianus_axillaris,Bodianus_axillaris,Bodianus axillaris,,
hypsigenyinae,Bodianus_mesothoraxF153,Bodianus_mesothorax,Bodianus_mesothorax,Bodianus mesothorax,,
hypsigenyinae,Bodianus_dianaF144,Bodianus_diana,Bodianus_diana,Bodianus diana,,
hypsigenyinae,Bodianus_dictynnaF331,Bodianus_dictynna,Bodianus_dictynna,Bodianus dictynna,,
hypsigenyinae,Bodianus_bilunulatusF277,Bodianus_bilunulatus,Bodianus_bilunulatus,Bodianus bilunulatus,,
hypsigenyinae,Bodianus_solatusF343,Bodianus_solatus,Bodianus_solatus,Bodianus solatus,,
hypsigenyinae,Bodianus_loxozonusF158,Bodianus_loxozonus,Bodianus_loxozonus,Bodianus loxozonus,,
hypsigenyinae,Bodianus_perditioF327,Bodianus_perditio,Bodianus_perditio,Bodianus perditio,,
hypsigenyinae,Bodianus_diplotaeniaF219,Bodianus_diplotaenia,Bodianus_diplotaenia,Bodianus diplotaenia,,
hypsigenyinae,Bodianus_rufus_F112,Bodianus_rufus,Bodianus_rufus,Bodianus rufus,,
hypsigenyinae,Bodianus_insularisF408,Bodianus_insularis,Bodianus_insularis,Bodianus insularis,,
hypsigenyinae,Bodianus_pulchellusF389,Bodianus_pulchellus,Bodianus_pulchellus,Bodianus pulchellus,,
hypsigenyinae,Bodianus_scrofaF113,Bodianus_scrofa,Bodianus_scrofa,Bodianus scrofa,,
hypsigenyinae,Semicossyphus_darwiniF401,Semicossyphus_darwini,Semicossyphus_darwini,Semicossyphus darwini,,
hypsigenyinae,Semicossyphus_pulcherF134,Semicossyphus_pulcher,Semicossyphus_pulcher,Semicossyphus pulcher,,
hypsigenyinae,Bodianus_bimaculatusF406,Bodianus_bimaculatus,Bodianus_bimaculatus,Bodianus bimaculatus,,
hypsigenyinae,Bodianus_izuensisF410,Bodianus_izuensis,Bodianus_izuensis,Bodianus izuensis,,
hypsigenyinae,Bodianus_flavipinnisF342,Bodianus_flavipinnis,Bodianus_flavipinnis,Bodianus flavipinnis,,
hypsigenyinae,Bodianus_frenchiiF167,Bodianus_frenchii,Bodianus_frenchii,Bodianus frenchii,,
hypsigenyinae,Choerodon_anchorago_F114,Choerodon_anchorago,Choerodon_anchorago,Choerodon anchorago,,
hypsigenyinae,Choerodon_cephalotesF115,Choerodon_cephalotes,Choerodon_cephalotes,Choerodon cephalotes,,
hypsigenyinae,Choerodon_rubescensF345,Choerodon_rubescens,Choerodon_rubescens,Choerodon rubescens,,
hypsigenyinae,Choerodon_schoenleiniiF118,Choerodon_schoenleinii,Choerodon_schoenleinii,Choerodon schoenleinii,,
hypsigenyinae,Choerodon_graphicusF200,Choerodon_graphicus,Choerodon_graphicus,Choerodon graphicus,,
hypsigenyinae,Choerodon_cyanodusF244,Choerodon_cyanodus,Choerodon_cyanodus,Choerodon cyanodus,,
hypsigenyinae,Choerodon_oligacanthusF344,Choerodon_oligacanthus,Choerodon_oligacanthus,Choerodon oligacanthus,,
hypsigenyinae,Choerodon_fasciatusF116,Choerodon_fasciatus,Choerodon_fasciatus,Choerodon fasciatus,,
hypsigenyinae,Choerodon_vittaF221,Choerodon_vitta,Choerodon_vitta,Choerodon vitta,,
hypsigenyinae,Choerodon_azurioF416,Choerodon_azurio,Choerodon_azurio,Choerodon azurio,,
hypsigenyinae,Choerodon_zamboangaeF328,Choerodon_zamboangae,Choerodon_zamboangae,Choerodon zamboangae,,
hypsigenyinae,Choerodon_frenatusF396,Choerodon_frenatus,Choerodon_frenatus,Choerodon frenatus,,
hypsigenyinae,Choerodon_jordaniF117,Choerodon_jordani,Choerodon_jordani,Choerodon jordani,,
hypsigenyinae,Choerodon_zosterophorusF417,Choerodon_zosterophorus,Choerodon_zosterophorus,Choerodon zosterophorus,,
hypsigenyinae,Choerodon_sugillatumF119,Choerodon_sugillatum,Choerodon_sugillatum,Choerodon sugillatum,,
hypsigenyinae,Lachnolaimus_maximus_F127,Lachnolaimus_maximus,Lachnolaimus_maximus,Lachnolaimus maximus,,
pomacanthidae,Apolemichthys_armitageiF457M1091,Apolemichthys_armitagei,Apolemichthys_armitagei,Apolemichthys armitagei,,
pomacanthidae,Apolemichthys_trimaculatusF516M1007,Apolemichthys_trimaculatus,Apolemichthys_trimaculatus,Apolemichthys trimaculatus,,
pomacanthidae,Apolemichthys_xanthurusF526M1004,Apolemichthys_xanthurus,Apolemichthys_xanthurus,Apolemichthys xanthurus,,
pomacanthidae,Centropyge_acanthopsF448M1428,Centropyge_acanthops,Centropyge_acanthops,Centropyge acanthops,,
pomacanthidae,Centropyge_argiF456M1357,Centropyge_argi,Centropyge_argi,Centropyge argi,,
pomacanthidae,Centropyge_aurantiaF461M1105,Centropyge_aurantia,Centropyge_aurantia,Centropyge aurantia,,
pomacanthidae,Centropyge_aurantonotaF462M1096,Centropyge_aurantonotus,Centropyge_aurantonotus,Centropyge aurantonotus,,CF-prefix tip aliased to named species
pomacanthidae,Centropyge_bicolorF465M1017,Centropyge_bicolor,Centropyge_bicolor,Centropyge bicolor,,
pomacanthidae,Centropyge_bispinosaF467M995,Centropyge_bispinosa,Centropyge_bispinosa,Centropyge bispinosa,,
pomacanthidae,Centropyge_coliniF472M1300,Centropyge_colini,Centropyge_colini,Centropyge colini,,
pomacanthidae,Centropyge_eibliF479M992,Centropyge_eibli,Centropyge_eibli,Centropyge eibli,,
pomacanthidae,Centropyge_ferrugataF481M1001,Centropyge_ferrugata,Centropyge_ferrugata,Centropyge ferrugata,,
pomacanthidae,Centropyge_fisheriF482M1155,Centropyge_fisheri,Centropyge_fisheri,Centropyge fisheri,,
pomacanthidae,Centropyge_flavicaudaF483M1090,Centropyge_flavicauda,Centropyge_flavicauda,Centropyge flavicauda,,
pomacanthidae,Centropyge_flavipectoralisF485M1014,Centropyge_flavipectoralis,Centropyge_flavipectoralis,Centropyge flavipectoralis,,
pomacanthidae,Centropyge_flavissimaF486M1197,Centropyge_flavissima,Centropyge_flavissima,Centropyge flavissima,,
pomacanthidae,Centropyge_heraldiblack_finF488M1005,Centropyge_heraldi,Centropyge_heraldi,Centropyge heraldi,,CF-prefix tip aliased to named species
pomacanthidae,Centropyge_heraldiwoodheadF489M1136,Centropyge_heraldi,Centropyge_heraldi,Centropyge heraldi,,CF-prefix tip aliased to named species
pomacanthidae,Centropyge_joculatorF492M1181,Centropyge_joculator,Centropyge_joculator,Centropyge joculator,,
pomacanthidae,Centropyge_loriculusF494M319,Centropyge_loriculus,Centropyge_loriculus,Centropyge loriculus,,
pomacanthidae,Centropyge_multispinusF518M1011,Centropyge_multispinis,Centropyge_multispinis,Centropyge multispinis,,CF-prefix tip aliased to named species
pomacanthidae,Centropyge_potteriF510M1159,Centropyge_potteri,Centropyge_potteri,Centropyge potteri,,
pomacanthidae,Centropyge_tibicenF514M1024,Centropyge_tibicen,Centropyge_tibicen,Centropyge tibicen,,
pomacanthidae,Centropyge_vrolikiiF520M1025,Centropyge_vrolikii,Centropyge_vrolikii,Centropyge vrolikii,,
pomacanthidae,Chaetodontoplus_duboulayiF478M1019,Chaetodontoplus_duboulayi,Chaetodontoplus_duboulayi,Chaetodontoplus duboulayi,,
pomacanthidae,Chaetodontoplus_melanosomaF496M1061,Chaetodontoplus_melanosoma,Chaetodontoplus_melanosoma,Chaetodontoplus melanosoma,,
pomacanthidae,Chaetodontoplus_meridithidarkF501M1033,Chaetodontoplus_meredithi,Chaetodontoplus_meredithi,Chaetodontoplus meredithi,,CF-prefix tip aliased to named species
pomacanthidae,Chaetodontoplus_mesoleucusF506M1101,Chaetodontoplus_mesoleucus,Chaetodontoplus_mesoleucus,Chaetodontoplus mesoleucus,,
pomacanthidae,Genicanthus_lamarckF493M1073,Genicanthus_lamarck,Genicanthus_lamarck,Genicanthus lamarck,,
pomacanthidae,Holacanthus_africanusF450M1959,Holacanthus_africanus,Holacanthus_africanus,Holacanthus africanus,,
pomacanthidae,Holacanthus_bermudensisF463M1320,Holacanthus_bermudensis,Holacanthus_bermudensis,Holacanthus bermudensis,,
pomacanthidae,Holacanthus_ciliarisF471M1099,Holacanthus_ciliaris,Holacanthus_ciliaris,Holacanthus ciliaris,,
pomacanthidae,Paracentropyge_multifasciataF505M1133,Paracentropyge_multifasciata,Paracentropyge_multifasciata,Paracentropyge multifasciata,,
pomacanthidae,Paracentropyge_venustaF517M1154,Centropyge_venusta,Centropyge_venusta,Centropyge venusta,,CF-prefix tip aliased to named species
pomacanthidae,Pomacanthus_annularisF453M1008,Pomacanthus_annularis,Pomacanthus_annularis,Pomacanthus annularis,,
pomacanthidae,Pomacanthus_asfurF458M989,Pomacanthus_asfur,Pomacanthus_asfur,Pomacanthus asfur,,
pomacanthidae,Pomacanthus_chrysurusF469M1897,Pomacanthus_chrysurus,Pomacanthus_chrysurus,Pomacanthus chrysurus,,
pomacanthidae,Pomacanthus_imperatorF490M998,Pomacanthus_imperator,Pomacanthus_imperator,Pomacanthus imperator,,
pomacanthidae,Pomacanthus_imperatorF491M1109,Pomacanthus_imperator,Pomacanthus_imperator,Pomacanthus imperator,,
pomacanthidae,Pomacanthus_maculosusF495M1088,Pomacanthus_maculosus,Pomacanthus_maculosus,Pomacanthus maculosus,,
pomacanthidae,Pomacanthus_navarchusF507M1102,Pomacanthus_navarchus,Pomacanthus_navarchus,Pomacanthus navarchus,,
pomacanthidae,Pomacanthus_paruF508M1100,Pomacanthus_paru,Pomacanthus_paru,Pomacanthus paru,,
pomacanthidae,Pomacanthus_semicirculatusF512M1030,Pomacanthus_semicirculatus,Pomacanthus_semicirculatus,Pomacanthus semicirculatus,,
pomacanthidae,Pomacanthus_sexstriatusF513M880,Pomacanthus_sexstriatus,Pomacanthus_sexstriatus,Pomacanthus sexstriatus,,
pomacanthidae,Pomacanthus_xanthometaponF524M1062,Pomacanthus_xanthometopon,Pomacanthus_xanthometopon,Pomacanthus xanthometopon,,CF-prefix tip aliased to named species
pomacanthidae,Pomacanthus_zonipectusF527M1329,Pomacanthus_zonipectus,Pomacanthus_zonipectus,Pomacanthus zonipectus,,
pomacanthidae,Pygoplites_diacanthusF473M317,Pygoplites_diacanthus,Pygoplites_diacanthus,Pygoplites diacanthus,,
scarinae,Bolbometopon_muricatum_F337,Bolbometopon_muricatum,Bolbometopon_muricatum,Bolbometopon muricatum,,
scarinae,Cetoscarus_bicolorPFC113,Cetoscarus_bicolor,Cetoscarus_bicolor,Cetoscarus bicolor,,
scarinae,Cetoscarus_ocellatusF347,Cetoscarus_ocellatus,Cetoscarus_ocellatus,Cetoscarus ocellatus,,
scarinae,Chlorurus_bleekeriF123,Chlorurus_bleekeri,Chlorurus_bleekeri,Chlorurus bleekeri,,
scarinae,Chlorurus_bowersiPFC3072,Chlorurus_bowersi,Chlorurus_bowersi,Chlorurus bowersi,,
scarinae,Chlorurus_enneacanthusF124,Chlorurus_enneacanthus,Chlorurus_enneacanthus,Chlorurus enneacanthus,,
scarinae,Chlorurus_frontalisF169,Chlorurus_frontalis,Chlorurus_frontalis,Chlorurus frontalis,,
scarinae,Chlorurus_microrhinosF307,Chlorurus_microrhinos,Chlorurus_microrhinos,Chlorurus microrhinos,,
scarinae,Chlorurus_capistratoidesF281,Chlorurus_capistratoides,Chlorurus_capistratoides,Chlorurus capistratoides,,
scarinae,Chlorurus_genazonatusF348,Chlorurus_genazonatus,Chlorurus_genazonatus,Chlorurus genazonatus,,
scarinae,Chlorurus_japanensisPFC5870,Chlorurus_japanensis,Chlorurus_japanensis,Chlorurus japanensis,,
scarinae,Chlorurus_gibbusF349,Chlorurus_gibbus,Chlorurus_gibbus,Chlorurus gibbus,,
scarinae,Chlorurus_cyanescensF326,Chlorurus_cyanescens,Chlorurus_cyanescens,Chlorurus cyanescens,,
scarinae,Chlorurus_rhakouraF350,Chlorurus_rhakoura,Chlorurus_rhakoura,Chlorurus rhakoura,,
scarinae,Chlorurus_spilurusF284,Chlorurus_spilurus,Chlorurus_spilurus,Chlorurus spilurus,,
scarinae,Scarus_altipinnisF129,Scarus_altipinnis,Scarus_altipinnis,Scarus altipinnis,,
scarinae,Scarus_prasiognathosF302,Scarus_prasiognathos,Scarus_prasiognathos,Scarus prasiognathos,,
scarinae,Scarus_frenatusF288,Scarus_frenatus,Scarus_frenatus,Scarus frenatus,,
scarinae,Scarus_nigerF248,Scarus_niger,Scarus_niger,Scarus niger,,
scarinae,Scarus_forsteniF201,Scarus_forsteni,Scarus_forsteni,Scarus forsteni,,
scarinae,Scarus_tricolorF306,Scarus_tricolor,Scarus_tricolor,Scarus tricolor,,
scarinae,Scarus_ovicepsRNF166,Scarus_oviceps,Scarus_oviceps,Scarus oviceps,,
scarinae,Scarus_scaberPFC11629,Scarus_scaber,Scarus_scaber,Scarus scaber,,
scarinae,Scarus_compressusF298,Scarus_compressus,Scarus_compressus,Scarus compressus,,
scarinae,Scarus_ghobbanF204,Scarus_ghobban,Scarus_ghobban,Scarus ghobban,,
scarinae,Scarus_ferrugineusPFC4920,Scarus_ferrugineus,Scarus_ferrugineus,Scarus ferrugineus,,
scarinae,Scarus_rubroviolaceusF211,Scarus_rubroviolaceus,Scarus_rubroviolaceus,Scarus rubroviolaceus,,
scarinae,Scarus_persicusF301,Scarus_persicus,Scarus_persicus,Scarus persicus,,
scarinae,Scarus_zufarF293,Scarus_zufar,Scarus_zufar,Scarus zufar,,
scarinae,Scarus_xanthopleuraF321,Scarus_xanthopleura,Scarus_xanthopleura,Scarus xanthopleura,,
scarinae,Scarus_koputeaF394,Scarus_koputea,Scarus_koputea,Scarus koputea,,
scarinae,Scarus_obishimeF397,Scarus_obishime,Scarus_obishime,Scarus obishime,,
scarinae,Scarus_coelestinusF285,Scarus_coelestinus,Scarus_coelestinus,Scarus coelestinus,,
scarinae,Scarus_coeruleusF131,Scarus_coeruleus,Scarus_coeruleus,Scarus coeruleus,,
scarinae,Scarus_guacamaiaF224,Scarus_guacamaia,Scarus_guacamaia,Scarus guacamaia,,
scarinae,Scarus_trispinosusF319,Scarus_trispinosus,Scarus_trispinosus,Scarus trispinosus,,
scarinae,Scarus_taeniopterusPFC754,Scarus_taeniopterus,Scarus_taeniopterus,Scarus taeniopterus,,
scarinae,Scarus_zelindaeF322,Scarus_zelindae,Scarus_zelindae,Scarus zelindae,,
scarinae,Scarus_vetulaF559J252,Scarus_vetula,Scarus_vetula,Scarus vetula,,
scarinae,Scarus_iseriF136,Scarus_iseri,Scarus_iseri,Scarus iseri,,
scarinae,Scarus_hoefleriF290,Scarus_hoefleri,Scarus_hoefleri,Scarus hoefleri,,
scarinae,Scarus_chameleonF130,Scarus_chameleon,Scarus_chameleon,Scarus chameleon,,
scarinae,Scarus_festivusF252,Scarus_festivus,Scarus_festivus,Scarus festivus,,
scarinae,Scarus_globicepsF569S448,Scarus_globiceps,Scarus_globiceps,Scarus globiceps,,
scarinae,Scarus_rivulatusF250,Scarus_rivulatus,Scarus_rivulatus,Scarus rivulatus,,
scarinae,Scarus_quoyiF272,Scarus_quoyi,Scarus_quoyi,Scarus quoyi,,
scarinae,Scarus_spinusF305,Scarus_spinus,Scarus_spinus,Scarus spinus,,
scarinae,Scarus_viridifucatusF320,Scarus_viridifucatus,Scarus_viridifucatus,Scarus viridifucatus,,
scarinae,Scarus_perricoF292,Scarus_perrico,Scarus_perrico,Scarus perrico,,
scarinae,Scarus_dubiusF299,Scarus_dubius,Scarus_dubius,Scarus dubius,,
scarinae,Scarus_longipinnisF207,Scarus_longipinnis,Scarus_longipinnis,Scarus longipinnis,,
scarinae,Scarus_arabicusF351,Scarus_arabicus,Scarus_arabicus,Scarus arabicus,,
scarinae,Scarus_collanaF297,Scarus_collana,Scarus_collana,Scarus collana,,
scarinae,Scarus_flavipectoralisPFC228,Scarus_flavipectoralis,Scarus_flavipectoralis,Scarus flavipectoralis,,
scarinae,Scarus_hypselopterusF291,Scarus_hypselopterus,Scarus_hypselopterus,Scarus hypselopterus,,
scarinae,Scarus_fuscopurpureusF289,Scarus_fuscopurpureus,Scarus_fuscopurpureus,Scarus fuscopurpureus,,
scarinae,Scarus_russeliiF303,Scarus_russelii,Scarus_russelii,Scarus russelii,,
scarinae,Scarus_schlegeliPFC371,Scarus_schlegeli,Scarus_schlegeli,Scarus schlegeli,,
scarinae,Scarus_psittacusF137,Scarus_psittacus,Scarus_psittacus,Scarus psittacus,,
scarinae,Hipposcarus_haridF544HC23,Hipposcarus_harid,Hipposcarus_harid,Hipposcarus harid,,
scarinae,Calotomus_carolinusF317,Calotomus_carolinus,Calotomus_carolinus,Calotomus carolinus,,
scarinae,Calotomus_viridescensF346,Calotomus_viridescens,Calotomus_viridescens,Calotomus viridescens,,
scarinae,Calotomus_spinidensPFC2118,Calotomus_spinidens,Calotomus_spinidens,Calotomus spinidens,,
scarinae,Leptoscarus_vaigiensisF151,Leptoscarus_vaigiensis,Leptoscarus_vaigiensis,Leptoscarus vaigiensis,,
scarinae,Cryptotomus_roseusF126,Cryptotomus_roseus,Cryptotomus_roseus,Cryptotomus roseus,,
scarinae,Nicholsina_ustaF392,Nicholsina_usta,Nicholsina_usta,Nicholsina usta,,
scarinae,Sparisoma_amplumF323,Sparisoma_amplum,Sparisoma_amplum,Sparisoma amplum,,
scarinae,Sparisoma_virideF143,Sparisoma_viride,Sparisoma_viride,Sparisoma viride,,
scarinae,Sparisoma_chrysopterumF141,Sparisoma_chrysopterum,Sparisoma_chrysopterum,Sparisoma chrysopterum,,
scarinae,Sparisoma_radiansF142,Sparisoma_radians,Sparisoma_radians,Sparisoma radians,,
scarinae,Sparisoma_frondosumF325,Sparisoma_frondosum,Sparisoma_frondosum,Sparisoma frondosum,,
scarinae,Sparisoma_axillareF324,Sparisoma_axillare,Sparisoma_axillare,Sparisoma axillare,,
scarinae,Sparisoma_choatiF415,Sparisoma_choati,Sparisoma_choati,Sparisoma choati,,
scarinae,Sparisoma_rochaF413,Sparisoma_rocha,Sparisoma_rocha,Sparisoma rocha,,
scarinae,Sparisoma_aurofrenatumF140,Sparisoma_aurofrenatum,Sparisoma_aurofrenatum,Sparisoma aurofrenatum,,
scarinae,Sparisoma_cretenseRNPFCR2552,Sparisoma_cretense,Sparisoma_cretense,Sparisoma cretense,,
scarinae,Sparisoma_atomariumF139,Sparisoma_atomarium,Sparisoma_atomarium,Sparisoma atomarium,,
scarinae,Sparisoma_tuiupirangaF353,Sparisoma_tuiupiranga,Sparisoma_tuiupiranga,Sparisoma tuiupiranga,,
scarinae,Sparisoma_radiansPFCA10,Sparisoma_radians,Sparisoma_radians,Sparisoma radians,,
